{"nodes":{"node:1":{"location":{"x":-2618,"y":-1252}},"node:16":{"location":{"x":-2206,"y":-897}},"node:3":{"location":{"x":-2618,"y":-1044}},"node:5":{"location":{"x":-2718,"y":-836}},"node:7":{"location":{"x":-1686,"y":-1169}}},"selection":null,"view":{"scroll":{"x":-5251.11669921875,"y":-1944.749755859375},"visible_rect":{"max":{"x":-2271.558349609375,"y":-604.8748779296875},"min":{"x":-2625.558349609375,"y":-972.3748779296875}},"zoom":2}}