{"nodes":null,"selection":null,"view":{"scroll":{"x":-764.3687744140625,"y":-602.8779296875},"visible_rect":{"max":{"x":-2042.7528076171875,"y":588.81134033203125},"min":{"x":-3406.46337890625,"y":-2686.76806640625}},"zoom":0.224387779831886292}}