{"nodes":{"node:0":{"location":{"x":1092,"y":-30}},"node:1":{"location":{"x":-476,"y":-260}},"node:12":{"location":{"x":-478,"y":-36}},"node:14":{"location":{"x":-478,"y":92}},"node:16":{"location":{"x":78,"y":-36}},"node:20":{"location":{"x":82,"y":79}},"node:26":{"location":{"x":42,"y":220}},"node:3":{"location":{"x":1034,"y":-267}},"node:30":{"location":{"x":58,"y":335}}},"selection":null,"view":{"scroll":{"x":-367.33056640625,"y":-206.2291259765625},"visible_rect":{"max":{"x":1490.2259521484375,"y":661.02783203125},"min":{"x":-489.77410888671875,"y":-274.97216796875}},"zoom":0.75}}