{"nodes":{"node:0":{"location":{"x":1311,"y":208}},"node:1":{"location":{"x":-382,"y":-180}},"node:15":{"location":{"x":396,"y":288}},"node:21":{"location":{"x":874,"y":-24}},"node:3":{"location":{"x":-382,"y":-52}},"node:5":{"location":{"x":270,"y":-180}},"node:9":{"location":{"x":298,"y":-52}}},"selection":["node:3"],"view":{"scroll":{"x":-292.33062744140625,"y":-133.81134033203125},"visible_rect":{"max":{"x":1590.22607421875,"y":757.5849609375},"min":{"x":-389.77423095703125,"y":-178.415145874023438}},"zoom":0.749999880790710449}}