{"nodes":{"node:0":{"location":{"x":1015,"y":269}},"node:1":{"location":{"x":986,"y":63}},"node:10":{"location":{"x":-78,"y":156}},"node:12":{"location":{"x":442,"y":364}},"node:16":{"location":{"x":-222,"y":524}}},"selection":null,"view":{"scroll":{"x":-61.0461807250976562,"y":69.7587890625},"visible_rect":{"max":{"x":1423.953857421875,"y":682.7587890625},"min":{"x":-61.0461807250976562,"y":69.7587890625}},"zoom":1}}